-- 2025/07/14
-- 설유진
-- 2장 SQL 기본

--실습 1-2, NUMBER 자료형 이해
CREATE TABLE TYPW_TEST_NUMBER(

    num1 NUMBER,
    num2 NUMBER(2),
    num3 NUMBER(3,1),
    num4 NUMBER(4,2),
    num5 NUMBER(5,6),
    num6 NUMBER(6,-1)
);

INSERT INTO TYPW_TEST_NUMBER(NUM1) VALUES(1);
INSERT INTO TYPW_TEST_NUMBER(NUM1) VALUES(123);
INSERT INTO TYPW_TEST_NUMBER(NUM1) VALUES(123.74);
INSERT INTO TYPW_TEST_NUMBER(NUM1) VALUES(123.12345);


INSERT INTO TYPW_TEST_NUMBER(NUM2) VALUES(12);
INSERT INTO TYPW_TEST_NUMBER(NUM2) VALUES(123);
INSERT INTO TYPW_TEST_NUMBER(NUM2) VALUES(1.2);
INSERT INTO TYPW_TEST_NUMBER(NUM2) VALUES(1.23);
insert into TYPW_TEST_NUMBER (num2) values (12.34567);
insert into TYPW_TEST_NUMBER (num2) values (12.56789);
insert into TYPW_TEST_NUMBER (num2) values (123.56789);

insert into TYPW_TEST_NUMBER (num3) values (12);
insert into TYPW_TEST_NUMBER (num3) values (123);
insert into TYPW_TEST_NUMBER (num3) values (12.1);
insert into TYPW_TEST_NUMBER (num3) values (12.1234);
insert into TYPW_TEST_NUMBER (num3) values (12.56789);
insert into TYPW_TEST_NUMBER (num3) values (123.56);

INSERT INTO TYPW_TEST_NUMBER (NUM4) VALUES (11);
INSERT INTO TYPW_TEST_NUMBER (NUM5) VALUES (12);
INSERT INTO TYPW_TEST_NUMBER (NUM6) VALUES (1452);

//테이블 데이터 삭제
DELETE FROM TYPW_TEST_NUMBER;

CREATE TABLE TYPE_TEST_CHAR (
 char1 CHAR(1),
 char2 CHAR(2),
 char3 CHAR(3),
 vchar1 VARCHAR2(1),
 vchar2 VARCHAR2(2),
 vchar3 VARCHAR2(3),
 nvchar1 NVARCHAR2(1),
 nvchar2 NVARCHAR2(2),
 nvchar3 NVARCHAR2(3)
);

INSERT INTO TYPE_TEST_CHAR(CHAR1) VALUES('A');
INSERT INTO TYPE_TEST_CHAR(CHAR1) VALUES('AB');
INSERT INTO TYPE_TEST_CHAR(VCHAR1) VALUES('가나다');

insert into TYPE_TEST_CHAR (nvchar3) values ('가나다');



//실습 4
CREATE TABLE USER1 (
USER_ID VARCHAR2(20),
NAME VARCHAR2(20),
HP CHAR(13),
AGE nUMBER
);
DROP TABLE USER1;
INSERT INTO USER1 VALUES ('A101', '김유신','010-1234-1111',25);
INSERT INTO USER1 VALUES ('A102', '김춘추', '010-1234-2222', 23);
INSERT INTO USER1 VALUES ('A103', '장보고', '010-1234-3333', 32);
INSERT INTO USER1 (USER_id, name, age) VALUES ('A104', '강감찬', 45);
INSERT INTO USER1 (USER_id, name, hp) VALUES ('A105', '이순신', '010-1234-5555');
INSERT INTO USER1 (USER_ID,NAME, AGE) VALUES ();

//실습 1-6

SELECT * FROM USER1;
SELECT * FROM USER1 WHERE USER_ID = 'A101';
SELECT * FROM USER1 WHERE NAME = '김춘추';
SELECT * FROM USER1 WHERE AGE >30;
SELECT USER_ID,NAME, AGE FROM USER1;

//실습 1-7

UPDATE USER1 SET HP='01012344444' WHERE USER_ID = 'A104';
UPDATE USER1 SET AGE = 51 WHERE USER_ID = 'A105';

//실습 1-8
DELETE FROM USER1 WHERE USER_ID ='A101';
DELETE FROM USER1 WHERE USER_ID = 'A102' AND AGE =25;
DELETE FROM USER1 WHERE AGE>=30;

-----------------------
//2.제약조건

------------------------
//실습 2-1
CREATE TABLE USER2 (
USER_ID VARCHAR2(20) PRIMARY KEY,
NAME VARCHAR2(20),
HP CHAR(13),
AGE NUMBER(2)
);

INSERT INTO USER2 VALUES ('A101', ' 김유신','01021341111',23);
INSERT INTO USER2 VALUES ('A102', '김춘추','01023231111',21);

//실습 2-2
CREATE TABLE USER3 (
USER_ID VARCHAR2(20) PRIMARY KEY,
NAME VARCHAR2(20),
HP CHAR(13) UNIQUE,
AGE NUMBER(3)
);

INSERT INTO USER3 VALUES ('A101', '김유신','01012341111',25);
INSERT INTO USER3 VALUES ('A102', '김춘추','01012341141',25);


// 실습 2-3

 CREATE TABLE PARENT (
 PID VARCHAR2(20) PRIMARY KEY,
 NAME varchar2(20),
 HP char(13) unique
 );

CREATE TABLE CHILD (
 CID VARCHAR2(20) PRIMARY KEY,
 NAME  varchar2(20),
 HP CHAR(13) UNIQUE,
 PARENT VARCHAR(20),
 FOREIGN KEY (PARENT) REFERENCES PARENT (PID)
 );

 INSERT INTO PARENT VALUES ('P101', '김서현', '010-1234-1001');
 INSERT INTO PARENT VALUES ('P102', '이성계', '010-1234-1002');
 INSERT INTO PARENT VALUES ('P103', '신사임당', '010-1234-1003');
 
 INSERT INTO CHILD VALUES ('C101', '김유신', '010-1234-2001', 'P101');
 INSERT INTO CHILD VALUES ('C102', '이방우', '010-1234-2002', 'P102');
 INSERT INTO CHILD VALUES ('C103', '이방원', '010-1234-2003', 'P102');
 INSERT INTO CHILD VALUES ('C104', '이이', '010-1234-2004', 'P103');
 -- 부모테이블에 p105에 해당하는 값이 없기 때문에 참조 무결성 제약조건 위배
 INSERT INTO CHILD VALUES ('C104', '김철수', '010-1234-2004', 'P105');

drop table user4;
 CREATE TABLE USER4 (
 NAME  VARCHAR2(20) NOT NULL,
 GENDER  CHAR(1) NOT NULL,
AGE  INT DEFAULT 1,
ADDR  VARCHAR2(255)
);
 
INSERT INTO USER4 VALUES ('김유신', 'M', 23, '김해시');
 INSERT INTO USER4 VALUES ('김춘추', 'M', 21, '경주시');
 INSERT INTO USER4 (NAME, GENDER, ADDR) VALUES ('신사임당', 'F', '강릉시');
 INSERT INTO USER4 (NAME, GENDER) VALUES ('이순신', 'M');
 INSERT INTO USER4 (NAME, AGE) VALUES ('정약용', 33);


-- 실습 2-5


drop table user5;
create table user5(
     name varchar2(20) not null,
     gender char(1) not null,
     age INT DEFAULT 1 CHECK(AGE > 0 AND AGE < 100),
     addr varchar2(255)
);
INSERT INTO USER5 VALUES ('김유신', 'M', 23, '김해시');

insert into user5 values ('김유신','M',23,'김해시');
insert into user5 values ('김춘추','M',12,'경주시');
INSERT INTO USER5 (NAME, GENDER, ADDR) VALUES ('신사임당', 'F', '강릉시');
insert into user5 (name,gender) values ('이순신','M');
INSERT INTO USER5 (NAME, AGE) VALUES ('정약용', 33);


-- 실습하기 2-5

create table user7(
    id number generated by default as identity primary key,
    name varchar2(20),
    age number,
    email varchar2(100)
);

insert into user7(name,age,email) values ('김유신',25,'메일');
insert into user7(name, age,email) values ('장보고',78,'메일');
insert into user7 (name ,age,email) values('이순신',45,'메일');









